SrNo,Parameter,Unit,Month,Value,Data Source,Year,Location,Latitude,Longitude
1,pH,-,Jan,6.6,CPCB 2018,2018,Sector 83,30.658143,76.724407
2,Conductivity,µs/cm,Jan,644,CPCB 2018,2018,Sector 83,30.658143,76.724407
3,DO,mg/l,Jan,,CPCB 2018,2018,Sector 83,30.658143,76.724407
4,COD,mg/l,Jan,261,CPCB 2018,2018,Sector 83,30.658143,76.724407
5,BOD,mg/l,Jan,161,CPCB 2018,2018,Sector 83,30.658143,76.724407
6,NO3-N,mg/l,Jan,5.9,CPCB 2018,2018,Sector 83,30.658143,76.724407
7,NH3-N,mg/l,Jan,23,CPCB 2018,2018,Sector 83,30.658143,76.724407
8,Phosphate,mg/l,Jan,2.55,CPCB 2018,2018,Sector 83,30.658143,76.724407
9,TSS,mg/l,Jan,100,CPCB 2018,2018,Sector 83,30.658143,76.724407
10,TDS,mg/l,Jan,326,CPCB 2018,2018,Sector 83,30.658143,76.724407
11,FS,mg/l,Jan,267,CPCB 2018,2018,Sector 83,30.658143,76.724407
12,Turbidity,NTU,Jan,110,CPCB 2018,2018,Sector 83,30.658143,76.724407
13,TH as CaCO3,mg/l,Jan,190,CPCB 2018,2018,Sector 83,30.658143,76.724407
14,Ca as CaCO3,mg/l,Jan,118,CPCB 2018,2018,Sector 83,30.658143,76.724407
15,Mg as CaCO3,mg/l,Jan,72,CPCB 2018,2018,Sector 83,30.658143,76.724407
16,Sulphate,mg/l,Jan,66,CPCB 2018,2018,Sector 83,30.658143,76.724407
17,Chloride,mg/l,Jan,42,CPCB 2018,2018,Sector 83,30.658143,76.724407
18,Total alkalinity as CaCO3,mg/l,Jan,260,CPCB 2018,2018,Sector 83,30.658143,76.724407
19,P-Alkalinity,mg/l,Jan,,CPCB 2018,2018,Sector 83,30.658143,76.724407
20,Fluoride,mg/l,Jan,0.28,CPCB 2018,2018,Sector 83,30.658143,76.724407
21,Colour,Hazen,Jan,30,CPCB 2018,2018,Sector 83,30.658143,76.724407
22,Boron(B),mg/l,Jan,0.19,CPCB 2018,2018,Sector 83,30.658143,76.724407
23,TKN,mg/l,Jan,4.2,CPCB 2018,2018,Sector 83,30.658143,76.724407
24,Potassium,mg/l,Jan,7,CPCB 2018,2018,Sector 83,30.658143,76.724407
25,Sodium,mg/l,Jan,23,CPCB 2018,2018,Sector 83,30.658143,76.724407
26,Total Coliform,MPN/100ml,Jan,,CPCB 2018,2018,Sector 83,30.658143,76.724407
27,Faecal Coliform,MPN/100ml,Jan,,CPCB 2018,2018,Sector 83,30.658143,76.724407
28,pH,-,Feb,6.9,CPCB 2018,2018,Sector 83,30.658143,76.724407
29,Conductivity,µs/cm,Feb,551,CPCB 2018,2018,Sector 83,30.658143,76.724407
30,DO,mg/l,Feb,0.6,CPCB 2018,2018,Sector 83,30.658143,76.724407
31,COD,mg/l,Feb,261,CPCB 2018,2018,Sector 83,30.658143,76.724407
32,BOD,mg/l,Feb,117,CPCB 2018,2018,Sector 83,30.658143,76.724407
33,NO3-N,mg/l,Feb,,CPCB 2018,2018,Sector 83,30.658143,76.724407
34,NH3-N,mg/l,Feb,17,CPCB 2018,2018,Sector 83,30.658143,76.724407
35,Phosphate,mg/l,Feb,2.05,CPCB 2018,2018,Sector 83,30.658143,76.724407
36,TSS,mg/l,Feb,149,CPCB 2018,2018,Sector 83,30.658143,76.724407
37,TDS,mg/l,Feb,259,CPCB 2018,2018,Sector 83,30.658143,76.724407
38,FS,mg/l,Feb,269,CPCB 2018,2018,Sector 83,30.658143,76.724407
39,Turbidity,NTU,Feb,160,CPCB 2018,2018,Sector 83,30.658143,76.724407
40,TH as CaCO3,mg/l,Feb,206,CPCB 2018,2018,Sector 83,30.658143,76.724407
41,Ca as CaCO3,mg/l,Feb,100,CPCB 2018,2018,Sector 83,30.658143,76.724407
42,Mg as CaCO3,mg/l,Feb,106,CPCB 2018,2018,Sector 83,30.658143,76.724407
43,Sulphate,mg/l,Feb,72,CPCB 2018,2018,Sector 83,30.658143,76.724407
44,Chloride,mg/l,Feb,45,CPCB 2018,2018,Sector 83,30.658143,76.724407
45,Total alkalinity as CaCO3,mg/l,Feb,208,CPCB 2018,2018,Sector 83,30.658143,76.724407
46,P-Alkalinity,mg/l,Feb,,CPCB 2018,2018,Sector 83,30.658143,76.724407
47,Fluoride,mg/l,Feb,,CPCB 2018,2018,Sector 83,30.658143,76.724407
48,Colour,Hazen,Feb,20,CPCB 2018,2018,Sector 83,30.658143,76.724407
49,Boron(B),mg/l,Feb,0.21,CPCB 2018,2018,Sector 83,30.658143,76.724407
50,TKN,mg/l,Feb,4.7,CPCB 2018,2018,Sector 83,30.658143,76.724407
51,Potassium,mg/l,Feb,9,CPCB 2018,2018,Sector 83,30.658143,76.724407
52,Sodium,mg/l,Feb,27,CPCB 2018,2018,Sector 83,30.658143,76.724407
53,Total Coliform,MPN/100ml,Feb,,CPCB 2018,2018,Sector 83,30.658143,76.724407
54,Faecal Coliform,MPN/100ml,Feb,,CPCB 2018,2018,Sector 83,30.658143,76.724407
55,pH,-,March,7.1,CPCB 2018,2018,Sector 83,30.658143,76.724407
56,Conductivity,µs/cm,March,668,CPCB 2018,2018,Sector 83,30.658143,76.724407
57,DO,mg/l,March,1,CPCB 2018,2018,Sector 83,30.658143,76.724407
58,COD,mg/l,March,214,CPCB 2018,2018,Sector 83,30.658143,76.724407
59,BOD,mg/l,March,98,CPCB 2018,2018,Sector 83,30.658143,76.724407
60,NO3-N,mg/l,March,2.4,CPCB 2018,2018,Sector 83,30.658143,76.724407
61,NH3-N,mg/l,March,20,CPCB 2018,2018,Sector 83,30.658143,76.724407
62,Phosphate,mg/l,March,2.05,CPCB 2018,2018,Sector 83,30.658143,76.724407
63,TSS,mg/l,March,82,CPCB 2018,2018,Sector 83,30.658143,76.724407
64,TDS,mg/l,March,350,CPCB 2018,2018,Sector 83,30.658143,76.724407
65,FS,mg/l,March,236,CPCB 2018,2018,Sector 83,30.658143,76.724407
66,Turbidity,NTU,March,118,CPCB 2018,2018,Sector 83,30.658143,76.724407
67,TH as CaCO3,mg/l,March,230,CPCB 2018,2018,Sector 83,30.658143,76.724407
68,Ca as CaCO3,mg/l,March,120,CPCB 2018,2018,Sector 83,30.658143,76.724407
69,Mg as CaCO3,mg/l,March,110,CPCB 2018,2018,Sector 83,30.658143,76.724407
70,Sulphate,mg/l,March,49,CPCB 2018,2018,Sector 83,30.658143,76.724407
71,Chloride,mg/l,March,50,CPCB 2018,2018,Sector 83,30.658143,76.724407
72,Total alkalinity as CaCO3,mg/l,March,252,CPCB 2018,2018,Sector 83,30.658143,76.724407
73,P-Alkalinity,mg/l,March,,CPCB 2018,2018,Sector 83,30.658143,76.724407
74,Fluoride,mg/l,March,,CPCB 2018,2018,Sector 83,30.658143,76.724407
75,Colour,Hazen,March,20,CPCB 2018,2018,Sector 83,30.658143,76.724407
76,Boron(B),mg/l,March,0.15,CPCB 2018,2018,Sector 83,30.658143,76.724407
77,TKN,mg/l,March,4.2,CPCB 2018,2018,Sector 83,30.658143,76.724407
78,Potassium,mg/l,March,11,CPCB 2018,2018,Sector 83,30.658143,76.724407
79,Sodium,mg/l,March,37,CPCB 2018,2018,Sector 83,30.658143,76.724407
80,Total Coliform,MPN/100ml,March,,CPCB 2018,2018,Sector 83,30.658143,76.724407
81,Faecal Coliform,MPN/100ml,March,,CPCB 2018,2018,Sector 83,30.658143,76.724407
82,pH,-,April,7.3,CPCB 2018,2018,Sector 83,30.658143,76.724407
83,Conductivity,µs/cm,April,663,CPCB 2018,2018,Sector 83,30.658143,76.724407
84,DO,mg/l,April,0.7,CPCB 2018,2018,Sector 83,30.658143,76.724407
85,COD,mg/l,April,176,CPCB 2018,2018,Sector 83,30.658143,76.724407
86,BOD,mg/l,April,80,CPCB 2018,2018,Sector 83,30.658143,76.724407
87,NO3-N,mg/l,April,2.1,CPCB 2018,2018,Sector 83,30.658143,76.724407
88,NH3-N,mg/l,April,17,CPCB 2018,2018,Sector 83,30.658143,76.724407
89,Phosphate,mg/l,April,2.36,CPCB 2018,2018,Sector 83,30.658143,76.724407
90,TSS,mg/l,April,81,CPCB 2018,2018,Sector 83,30.658143,76.724407
91,TDS,mg/l,April,394,CPCB 2018,2018,Sector 83,30.658143,76.724407
92,FS,mg/l,April,273,CPCB 2018,2018,Sector 83,30.658143,76.724407
93,Turbidity,NTU,April,125,CPCB 2018,2018,Sector 83,30.658143,76.724407
94,TH as CaCO3,mg/l,April,212,CPCB 2018,2018,Sector 83,30.658143,76.724407
95,Ca as CaCO3,mg/l,April,120,CPCB 2018,2018,Sector 83,30.658143,76.724407
96,Mg as CaCO3,mg/l,April,92,CPCB 2018,2018,Sector 83,30.658143,76.724407
97,Sulphate,mg/l,April,52,CPCB 2018,2018,Sector 83,30.658143,76.724407
98,Chloride,mg/l,April,45,CPCB 2018,2018,Sector 83,30.658143,76.724407
99,Total alkalinity as CaCO3,mg/l,April,258,CPCB 2018,2018,Sector 83,30.658143,76.724407
100,P-Alkalinity,mg/l,April,,CPCB 2018,2018,Sector 83,30.658143,76.724407
101,Fluoride,mg/l,April,,CPCB 2018,2018,Sector 83,30.658143,76.724407
102,Colour,Hazen,April,20,CPCB 2018,2018,Sector 83,30.658143,76.724407
103,Boron(B),mg/l,April,0.14,CPCB 2018,2018,Sector 83,30.658143,76.724407
104,TKN,mg/l,April,4.1,CPCB 2018,2018,Sector 83,30.658143,76.724407
105,Potassium,mg/l,April,8,CPCB 2018,2018,Sector 83,30.658143,76.724407
106,Sodium,mg/l,April,30,CPCB 2018,2018,Sector 83,30.658143,76.724407
107,Total Coliform,MPN/100ml,April,,CPCB 2018,2018,Sector 83,30.658143,76.724407
108,Faecal Coliform,MPN/100ml,April,,CPCB 2018,2018,Sector 83,30.658143,76.724407
109,pH,-,May,7.1,CPCB 2018,2018,Sector 83,30.658143,76.724407
110,Conductivity,µs/cm,May,643,CPCB 2018,2018,Sector 83,30.658143,76.724407
111,DO,mg/l,May,,CPCB 2018,2018,Sector 83,30.658143,76.724407
112,COD,mg/l,May,168,CPCB 2018,2018,Sector 83,30.658143,76.724407
113,BOD,mg/l,May,73,CPCB 2018,2018,Sector 83,30.658143,76.724407
114,NO3-N,mg/l,May,2,CPCB 2018,2018,Sector 83,30.658143,76.724407
115,NH3-N,mg/l,May,24,CPCB 2018,2018,Sector 83,30.658143,76.724407
116,Phosphate,mg/l,May,2.51,CPCB 2018,2018,Sector 83,30.658143,76.724407
117,TSS,mg/l,May,105,CPCB 2018,2018,Sector 83,30.658143,76.724407
118,TDS,mg/l,May,297,CPCB 2018,2018,Sector 83,30.658143,76.724407
119,FS,mg/l,May,310,CPCB 2018,2018,Sector 83,30.658143,76.724407
120,Turbidity,NTU,May,109,CPCB 2018,2018,Sector 83,30.658143,76.724407
121,TH as CaCO3,mg/l,May,220,CPCB 2018,2018,Sector 83,30.658143,76.724407
122,Ca as CaCO3,mg/l,May,124,CPCB 2018,2018,Sector 83,30.658143,76.724407
123,Mg as CaCO3,mg/l,May,96,CPCB 2018,2018,Sector 83,30.658143,76.724407
124,Sulphate,mg/l,May,52,CPCB 2018,2018,Sector 83,30.658143,76.724407
125,Chloride,mg/l,May,48,CPCB 2018,2018,Sector 83,30.658143,76.724407
126,Total alkalinity as CaCO3,mg/l,May,254,CPCB 2018,2018,Sector 83,30.658143,76.724407
127,P-Alkalinity,mg/l,May,,CPCB 2018,2018,Sector 83,30.658143,76.724407
128,Fluoride,mg/l,May,,CPCB 2018,2018,Sector 83,30.658143,76.724407
129,Colour,Hazen,May,20,CPCB 2018,2018,Sector 83,30.658143,76.724407
130,Boron(B),mg/l,May,0.14,CPCB 2018,2018,Sector 83,30.658143,76.724407
131,TKN,mg/l,May,3.9,CPCB 2018,2018,Sector 83,30.658143,76.724407
132,Potassium,mg/l,May,8,CPCB 2018,2018,Sector 83,30.658143,76.724407
133,Sodium,mg/l,May,24,CPCB 2018,2018,Sector 83,30.658143,76.724407
134,Total Coliform,MPN/100ml,May,,CPCB 2018,2018,Sector 83,30.658143,76.724407
135,Faecal Coliform,MPN/100ml,May,,CPCB 2018,2018,Sector 83,30.658143,76.724407
136,pH,-,June,6.9,CPCB 2018,2018,Sector 83,30.658143,76.724407
137,Conductivity,µs/cm,June,638,CPCB 2018,2018,Sector 83,30.658143,76.724407
138,DO,mg/l,June,,CPCB 2018,2018,Sector 83,30.658143,76.724407
139,COD,mg/l,June,141,CPCB 2018,2018,Sector 83,30.658143,76.724407
140,BOD,mg/l,June,65,CPCB 2018,2018,Sector 83,30.658143,76.724407
141,NO3-N,mg/l,June,2.2,CPCB 2018,2018,Sector 83,30.658143,76.724407
142,NH3-N,mg/l,June,18,CPCB 2018,2018,Sector 83,30.658143,76.724407
143,Phosphate,mg/l,June,1.83,CPCB 2018,2018,Sector 83,30.658143,76.724407
144,TSS,mg/l,June,82,CPCB 2018,2018,Sector 83,30.658143,76.724407
145,TDS,mg/l,June,317,CPCB 2018,2018,Sector 83,30.658143,76.724407
146,FS,mg/l,June,271,CPCB 2018,2018,Sector 83,30.658143,76.724407
147,Turbidity,NTU,June,95,CPCB 2018,2018,Sector 83,30.658143,76.724407
148,TH as CaCO3,mg/l,June,194,CPCB 2018,2018,Sector 83,30.658143,76.724407
149,Ca as CaCO3,mg/l,June,116,CPCB 2018,2018,Sector 83,30.658143,76.724407
150,Mg as CaCO3,mg/l,June,78,CPCB 2018,2018,Sector 83,30.658143,76.724407
151,Sulphate,mg/l,June,51,CPCB 2018,2018,Sector 83,30.658143,76.724407
152,Chloride,mg/l,June,46,CPCB 2018,2018,Sector 83,30.658143,76.724407
153,Total alkalinity as CaCO3,mg/l,June,246,CPCB 2018,2018,Sector 83,30.658143,76.724407
154,P-Alkalinity,mg/l,June,,CPCB 2018,2018,Sector 83,30.658143,76.724407
155,Fluoride,mg/l,June,,CPCB 2018,2018,Sector 83,30.658143,76.724407
156,Colour,Hazen,June,20,CPCB 2018,2018,Sector 83,30.658143,76.724407
157,Boron(B),mg/l,June,,CPCB 2018,2018,Sector 83,30.658143,76.724407
158,TKN,mg/l,June,4.3,CPCB 2018,2018,Sector 83,30.658143,76.724407
159,Potassium,mg/l,June,9,CPCB 2018,2018,Sector 83,30.658143,76.724407
160,Sodium,mg/l,June,38,CPCB 2018,2018,Sector 83,30.658143,76.724407
161,Total Coliform,MPN/100ml,June,,CPCB 2018,2018,Sector 83,30.658143,76.724407
162,Faecal Coliform,MPN/100ml,June,,CPCB 2018,2018,Sector 83,30.658143,76.724407
163,pH,-,July,7.1,CPCB 2018,2018,Sector 83,30.658143,76.724407
164,Conductivity,µs/cm,July,616,CPCB 2018,2018,Sector 83,30.658143,76.724407
165,DO,mg/l,July,,CPCB 2018,2018,Sector 83,30.658143,76.724407
166,COD,mg/l,July,164,CPCB 2018,2018,Sector 83,30.658143,76.724407
167,BOD,mg/l,July,77,CPCB 2018,2018,Sector 83,30.658143,76.724407
168,NO3-N,mg/l,July,2.4,CPCB 2018,2018,Sector 83,30.658143,76.724407
169,NH3-N,mg/l,July,22,CPCB 2018,2018,Sector 83,30.658143,76.724407
170,Phosphate,mg/l,July,2.01,CPCB 2018,2018,Sector 83,30.658143,76.724407
171,TSS,mg/l,July,80,CPCB 2018,2018,Sector 83,30.658143,76.724407
172,TDS,mg/l,July,342,CPCB 2018,2018,Sector 83,30.658143,76.724407
173,FS,mg/l,July,274,CPCB 2018,2018,Sector 83,30.658143,76.724407
174,Turbidity,NTU,July,113,CPCB 2018,2018,Sector 83,30.658143,76.724407
175,TH as CaCO3,mg/l,July,214,CPCB 2018,2018,Sector 83,30.658143,76.724407
176,Ca as CaCO3,mg/l,July,122,CPCB 2018,2018,Sector 83,30.658143,76.724407
177,Mg as CaCO3,mg/l,July,92,CPCB 2018,2018,Sector 83,30.658143,76.724407
178,Sulphate,mg/l,July,62,CPCB 2018,2018,Sector 83,30.658143,76.724407
179,Chloride,mg/l,July,45,CPCB 2018,2018,Sector 83,30.658143,76.724407
180,Total alkalinity as CaCO3,mg/l,July,246,CPCB 2018,2018,Sector 83,30.658143,76.724407
181,P-Alkalinity,mg/l,July,,CPCB 2018,2018,Sector 83,30.658143,76.724407
182,Fluoride,mg/l,July,0.13,CPCB 2018,2018,Sector 83,30.658143,76.724407
183,Colour,Hazen,July,20,CPCB 2018,2018,Sector 83,30.658143,76.724407
184,Boron(B),mg/l,July,0.12,CPCB 2018,2018,Sector 83,30.658143,76.724407
185,TKN,mg/l,July,4.9,CPCB 2018,2018,Sector 83,30.658143,76.724407
186,Potassium,mg/l,July,10,CPCB 2018,2018,Sector 83,30.658143,76.724407
187,Sodium,mg/l,July,43,CPCB 2018,2018,Sector 83,30.658143,76.724407
188,Total Coliform,MPN/100ml,July,,CPCB 2018,2018,Sector 83,30.658143,76.724407
189,Faecal Coliform,MPN/100ml,July,,CPCB 2018,2018,Sector 83,30.658143,76.724407
190,pH,-,Aug,7.1,CPCB 2018,2018,Sector 83,30.658143,76.724407
191,Conductivity,µs/cm,Aug,559,CPCB 2018,2018,Sector 83,30.658143,76.724407
192,DO,mg/l,Aug,,CPCB 2018,2018,Sector 83,30.658143,76.724407
193,COD,mg/l,Aug,82,CPCB 2018,2018,Sector 83,30.658143,76.724407
194,BOD,mg/l,Aug,49,CPCB 2018,2018,Sector 83,30.658143,76.724407
195,NO3-N,mg/l,Aug,2.8,CPCB 2018,2018,Sector 83,30.658143,76.724407
196,NH3-N,mg/l,Aug,15,CPCB 2018,2018,Sector 83,30.658143,76.724407
197,Phosphate,mg/l,Aug,1.03,CPCB 2018,2018,Sector 83,30.658143,76.724407
198,TSS,mg/l,Aug,62,CPCB 2018,2018,Sector 83,30.658143,76.724407
199,TDS,mg/l,Aug,345,CPCB 2018,2018,Sector 83,30.658143,76.724407
200,FS,mg/l,Aug,289,CPCB 2018,2018,Sector 83,30.658143,76.724407
201,Turbidity,NTU,Aug,92,CPCB 2018,2018,Sector 83,30.658143,76.724407
202,TH as CaCO3,mg/l,Aug,210,CPCB 2018,2018,Sector 83,30.658143,76.724407
203,Ca as CaCO3,mg/l,Aug,120,CPCB 2018,2018,Sector 83,30.658143,76.724407
204,Mg as CaCO3,mg/l,Aug,90,CPCB 2018,2018,Sector 83,30.658143,76.724407
205,Sulphate,mg/l,Aug,54,CPCB 2018,2018,Sector 83,30.658143,76.724407
206,Chloride,mg/l,Aug,42,CPCB 2018,2018,Sector 83,30.658143,76.724407
207,Total alkalinity as CaCO3,mg/l,Aug,224,CPCB 2018,2018,Sector 83,30.658143,76.724407
208,P-Alkalinity,mg/l,Aug,,CPCB 2018,2018,Sector 83,30.658143,76.724407
209,Fluoride,mg/l,Aug,0.14,CPCB 2018,2018,Sector 83,30.658143,76.724407
210,Colour,Hazen,Aug,20,CPCB 2018,2018,Sector 83,30.658143,76.724407
211,Boron(B),mg/l,Aug,0.15,CPCB 2018,2018,Sector 83,30.658143,76.724407
212,TKN,mg/l,Aug,4.9,CPCB 2018,2018,Sector 83,30.658143,76.724407
213,Potassium,mg/l,Aug,10,CPCB 2018,2018,Sector 83,30.658143,76.724407
214,Sodium,mg/l,Aug,43,CPCB 2018,2018,Sector 83,30.658143,76.724407
215,Total Coliform,MPN/100ml,Aug,,CPCB 2018,2018,Sector 83,30.658143,76.724407
216,Faecal Coliform,MPN/100ml,Aug,,CPCB 2018,2018,Sector 83,30.658143,76.724407
217,pH,-,Sept,7.4,CPCB 2018,2018,Sector 83,30.658143,76.724407
218,Conductivity,µs/cm,Sept,724,CPCB 2018,2018,Sector 83,30.658143,76.724407
219,DO,mg/l,Sept,,CPCB 2018,2018,Sector 83,30.658143,76.724407
220,COD,mg/l,Sept,114,CPCB 2018,2018,Sector 83,30.658143,76.724407
221,BOD,mg/l,Sept,82,CPCB 2018,2018,Sector 83,30.658143,76.724407
222,NO3-N,mg/l,Sept,1.2,CPCB 2018,2018,Sector 83,30.658143,76.724407
223,NH3-N,mg/l,Sept,19,CPCB 2018,2018,Sector 83,30.658143,76.724407
224,Phosphate,mg/l,Sept,1.4,CPCB 2018,2018,Sector 83,30.658143,76.724407
225,TSS,mg/l,Sept,37,CPCB 2018,2018,Sector 83,30.658143,76.724407
226,TDS,mg/l,Sept,390,CPCB 2018,2018,Sector 83,30.658143,76.724407
227,FS,mg/l,Sept,317,CPCB 2018,2018,Sector 83,30.658143,76.724407
228,Turbidity,NTU,Sept,96,CPCB 2018,2018,Sector 83,30.658143,76.724407
229,TH as CaCO3,mg/l,Sept,242,CPCB 2018,2018,Sector 83,30.658143,76.724407
230,Ca as CaCO3,mg/l,Sept,138,CPCB 2018,2018,Sector 83,30.658143,76.724407
231,Mg as CaCO3,mg/l,Sept,104,CPCB 2018,2018,Sector 83,30.658143,76.724407
232,Sulphate,mg/l,Sept,63,CPCB 2018,2018,Sector 83,30.658143,76.724407
233,Chloride,mg/l,Sept,42,CPCB 2018,2018,Sector 83,30.658143,76.724407
234,Total alkalinity as CaCO3,mg/l,Sept,264,CPCB 2018,2018,Sector 83,30.658143,76.724407
235,P-Alkalinity,mg/l,Sept,,CPCB 2018,2018,Sector 83,30.658143,76.724407
236,Fluoride,mg/l,Sept,0.13,CPCB 2018,2018,Sector 83,30.658143,76.724407
237,Colour,Hazen,Sept,30,CPCB 2018,2018,Sector 83,30.658143,76.724407
238,Boron(B),mg/l,Sept,0.08,CPCB 2018,2018,Sector 83,30.658143,76.724407
239,TKN,mg/l,Sept,5.3,CPCB 2018,2018,Sector 83,30.658143,76.724407
240,Potassium,mg/l,Sept,11,CPCB 2018,2018,Sector 83,30.658143,76.724407
241,Sodium,mg/l,Sept,47,CPCB 2018,2018,Sector 83,30.658143,76.724407
242,Total Coliform,MPN/100ml,Sept,,CPCB 2018,2018,Sector 83,30.658143,76.724407
243,Faecal Coliform,MPN/100ml,Sept,,CPCB 2018,2018,Sector 83,30.658143,76.724407
244,pH,-,Oct,7.4,CPCB 2018,2018,Sector 83,30.658143,76.724407
245,Conductivity,µs/cm,Oct,584,CPCB 2018,2018,Sector 83,30.658143,76.724407
246,DO,mg/l,Oct,,CPCB 2018,2018,Sector 83,30.658143,76.724407
247,COD,mg/l,Oct,160,CPCB 2018,2018,Sector 83,30.658143,76.724407
248,BOD,mg/l,Oct,79,CPCB 2018,2018,Sector 83,30.658143,76.724407
249,NO3-N,mg/l,Oct,1.5,CPCB 2018,2018,Sector 83,30.658143,76.724407
250,NH3-N,mg/l,Oct,23,CPCB 2018,2018,Sector 83,30.658143,76.724407
251,Phosphate,mg/l,Oct,2.4,CPCB 2018,2018,Sector 83,30.658143,76.724407
252,TSS,mg/l,Oct,100,CPCB 2018,2018,Sector 83,30.658143,76.724407
253,TDS,mg/l,Oct,384,CPCB 2018,2018,Sector 83,30.658143,76.724407
254,FS,mg/l,Oct,280,CPCB 2018,2018,Sector 83,30.658143,76.724407
255,Turbidity,NTU,Oct,112,CPCB 2018,2018,Sector 83,30.658143,76.724407
256,TH as CaCO3,mg/l,Oct,220,CPCB 2018,2018,Sector 83,30.658143,76.724407
257,Ca as CaCO3,mg/l,Oct,128,CPCB 2018,2018,Sector 83,30.658143,76.724407
258,Mg as CaCO3,mg/l,Oct,92,CPCB 2018,2018,Sector 83,30.658143,76.724407
259,Sulphate,mg/l,Oct,68,CPCB 2018,2018,Sector 83,30.658143,76.724407
260,Chloride,mg/l,Oct,40,CPCB 2018,2018,Sector 83,30.658143,76.724407
261,Total alkalinity as CaCO3,mg/l,Oct,234,CPCB 2018,2018,Sector 83,30.658143,76.724407
262,P-Alkalinity,mg/l,Oct,,CPCB 2018,2018,Sector 83,30.658143,76.724407
263,Fluoride,mg/l,Oct,,CPCB 2018,2018,Sector 83,30.658143,76.724407
264,Colour,Hazen,Oct,30,CPCB 2018,2018,Sector 83,30.658143,76.724407
265,Boron(B),mg/l,Oct,,CPCB 2018,2018,Sector 83,30.658143,76.724407
266,TKN,mg/l,Oct,4.9,CPCB 2018,2018,Sector 83,30.658143,76.724407
267,Potassium,mg/l,Oct,12,CPCB 2018,2018,Sector 83,30.658143,76.724407
268,Sodium,mg/l,Oct,28,CPCB 2018,2018,Sector 83,30.658143,76.724407
269,Total Coliform,MPN/100ml,Oct,,CPCB 2018,2018,Sector 83,30.658143,76.724407
270,Faecal Coliform,MPN/100ml,Oct,,CPCB 2018,2018,Sector 83,30.658143,76.724407
271,pH,-,Nov,7,CPCB 2018,2018,Sector 83,30.658143,76.724407
272,Conductivity,µs/cm,Nov,611,CPCB 2018,2018,Sector 83,30.658143,76.724407
273,DO,mg/l,Nov,,CPCB 2018,2018,Sector 83,30.658143,76.724407
274,COD,mg/l,Nov,204,CPCB 2018,2018,Sector 83,30.658143,76.724407
275,BOD,mg/l,Nov,65,CPCB 2018,2018,Sector 83,30.658143,76.724407
276,NO3-N,mg/l,Nov,2,CPCB 2018,2018,Sector 83,30.658143,76.724407
277,NH3-N,mg/l,Nov,23,CPCB 2018,2018,Sector 83,30.658143,76.724407
278,Phosphate,mg/l,Nov,2.4,CPCB 2018,2018,Sector 83,30.658143,76.724407
279,TSS,mg/l,Nov,120,CPCB 2018,2018,Sector 83,30.658143,76.724407
280,TDS,mg/l,Nov,300,CPCB 2018,2018,Sector 83,30.658143,76.724407
281,FS,mg/l,Nov,248,CPCB 2018,2018,Sector 83,30.658143,76.724407
282,Turbidity,NTU,Nov,119,CPCB 2018,2018,Sector 83,30.658143,76.724407
283,TH as CaCO3,mg/l,Nov,220,CPCB 2018,2018,Sector 83,30.658143,76.724407
284,Ca as CaCO3,mg/l,Nov,142,CPCB 2018,2018,Sector 83,30.658143,76.724407
285,Mg as CaCO3,mg/l,Nov,78,CPCB 2018,2018,Sector 83,30.658143,76.724407
286,Sulphate,mg/l,Nov,74,CPCB 2018,2018,Sector 83,30.658143,76.724407
287,Chloride,mg/l,Nov,41,CPCB 2018,2018,Sector 83,30.658143,76.724407
288,Total alkalinity as CaCO3,mg/l,Nov,266,CPCB 2018,2018,Sector 83,30.658143,76.724407
289,P-Alkalinity,mg/l,Nov,,CPCB 2018,2018,Sector 83,30.658143,76.724407
290,Fluoride,mg/l,Nov,0.12,CPCB 2018,2018,Sector 83,30.658143,76.724407
291,Colour,Hazen,Nov,30,CPCB 2018,2018,Sector 83,30.658143,76.724407
292,Boron(B),mg/l,Nov,,CPCB 2018,2018,Sector 83,30.658143,76.724407
293,TKN,mg/l,Nov,26,CPCB 2018,2018,Sector 83,30.658143,76.724407
294,Potassium,mg/l,Nov,22,CPCB 2018,2018,Sector 83,30.658143,76.724407
295,Sodium,mg/l,Nov,17,CPCB 2018,2018,Sector 83,30.658143,76.724407
296,Total Coliform,MPN/100ml,Nov,,CPCB 2018,2018,Sector 83,30.658143,76.724407
297,Faecal Coliform,MPN/100ml,Nov,,CPCB 2018,2018,Sector 83,30.658143,76.724407
298,pH,-,Dec,7.1,CPCB 2018,2018,Sector 83,30.658143,76.724407
299,Conductivity,µs/cm,Dec,696,CPCB 2018,2018,Sector 83,30.658143,76.724407
300,DO,mg/l,Dec,,CPCB 2018,2018,Sector 83,30.658143,76.724407
301,COD,mg/l,Dec,228,CPCB 2018,2018,Sector 83,30.658143,76.724407
302,BOD,mg/l,Dec,69,CPCB 2018,2018,Sector 83,30.658143,76.724407
303,NO3-N,mg/l,Dec,6.3,CPCB 2018,2018,Sector 83,30.658143,76.724407
304,NH3-N,mg/l,Dec,29,CPCB 2018,2018,Sector 83,30.658143,76.724407
305,Phosphate,mg/l,Dec,3.3,CPCB 2018,2018,Sector 83,30.658143,76.724407
306,TSS,mg/l,Dec,113,CPCB 2018,2018,Sector 83,30.658143,76.724407
307,TDS,mg/l,Dec,318,CPCB 2018,2018,Sector 83,30.658143,76.724407
308,FS,mg/l,Dec,324,CPCB 2018,2018,Sector 83,30.658143,76.724407
309,Turbidity,NTU,Dec,112,CPCB 2018,2018,Sector 83,30.658143,76.724407
310,TH as CaCO3,mg/l,Dec,220,CPCB 2018,2018,Sector 83,30.658143,76.724407
311,Ca as CaCO3,mg/l,Dec,140,CPCB 2018,2018,Sector 83,30.658143,76.724407
312,Mg as CaCO3,mg/l,Dec,80,CPCB 2018,2018,Sector 83,30.658143,76.724407
313,Sulphate,mg/l,Dec,66,CPCB 2018,2018,Sector 83,30.658143,76.724407
314,Chloride,mg/l,Dec,40,CPCB 2018,2018,Sector 83,30.658143,76.724407
315,Total alkalinity as CaCO3,mg/l,Dec,282,CPCB 2018,2018,Sector 83,30.658143,76.724407
316,P-Alkalinity,mg/l,Dec,,CPCB 2018,2018,Sector 83,30.658143,76.724407
317,Fluoride,mg/l,Dec,0.12,CPCB 2018,2018,Sector 83,30.658143,76.724407
318,Colour,Hazen,Dec,30,CPCB 2018,2018,Sector 83,30.658143,76.724407
319,Boron(B),mg/l,Dec,,CPCB 2018,2018,Sector 83,30.658143,76.724407
320,TKN,mg/l,Dec,10.9,CPCB 2018,2018,Sector 83,30.658143,76.724407
321,Potassium,mg/l,Dec,2,CPCB 2018,2018,Sector 83,30.658143,76.724407
322,Sodium,mg/l,Dec,39,CPCB 2018,2018,Sector 83,30.658143,76.724407
323,Total Coliform,MPN/100ml,Dec,,CPCB 2018,2018,Sector 83,30.658143,76.724407
324,Faecal Coliform,MPN/100ml,Dec,,CPCB 2018,2018,Sector 83,30.658143,76.724407
325,pH,,,7.6,Green tribunal,2024,NCM03 - Sector 83,30.658143,76.724407
326,COD,mg/l,,111,Green tribunal,2024,NCM03 - Sector 83,30.658143,76.724407
327,BOD,mg/l,,31,Green tribunal,2024,NCM03 - Sector 83,30.658143,76.724407
328,TSS,mg/l,,49,Green tribunal,2024,NCM03 - Sector 83,30.658143,76.724407
329,TDS,mg/l,,484,Green tribunal,2024,NCM03 - Sector 83,30.658143,76.724407
330,Conductivity,mg/l,,920,Green tribunal,2024,NCM03 - Sector 83,30.658143,76.724407
331,Chloride,mg/l,,29,Green tribunal,2024,NCM03 - Sector 83,30.658143,76.724407
332,Phosphate-P,mg/l,,2,Green tribunal,2024,NCM03 - Sector 83,30.658143,76.724407
333,NO2-N,mg/l,,0,Green tribunal,2024,NCM03 - Sector 83,30.658143,76.724407
334,NO3-N,mg/l,,0.5,Green tribunal,2024,NCM03 - Sector 83,30.658143,76.724407
335,NH3-N,mg/l,,13,Green tribunal,2024,NCM03 - Sector 83,30.658143,76.724407
336,SO4,mg/l,,47,Green tribunal,2024,NCM03 - Sector 83,30.658143,76.724407
337,Colour,CU,,0,Green tribunal,2024,NCM03 - Sector 83,30.658143,76.724407
338,TKN,mg/l,,16,Green tribunal,2024,NCM03 - Sector 83,30.658143,76.724407
339,T-Coliform,MPN/100 ml,,79x10^5,Green tribunal,2024,NCM03 - Sector 83,30.658143,76.724407
